INSERT INTO GOC_REUNIONES (ID, ASUNTO, FECHA, DURACION, CREADOR_ID, FECHA_CREACION, PUBLICA, TELEMATICA, NOTIFICADA,
                           CREADOR_NOMBRE, CREADOR_EMAIL, ADMITE_SUPLENCIA, COMPLETADA, ADMITE_COMENTARIOS,
                           AVISO_PRIMERA_REUNION, ADMITE_DELEGACION_VOTO, AVISO_PRIMERA_REUNION_FECHA, REABIERTA,
                           EMAILS_NUEVOS_COMENTARIOS, VOTACION_TELEMATICA, ADMITE_CAMBIO_VOTO, VER_RESULTADOS_MIENTRAS_ACTIVA)
VALUES (17000, 'Votacion voto dobles', TO_DATE('2057-01-01 07:00:00', 'YYYY-MM-DD HH24:MI:SS'), 0,
        1, NOW(), 1, 1, 1, '4tic', 'test@test.com', 1, 0, 1, 1, 1, NOW(), 0, 0, 1, 1, 1);


INSERT INTO GOC_REUNIONES_PUNTOS_ORDEN_DIA (ID, TITULO, ORDEN, REUNION_ID, PUBLICO, EDITADO_EN_REAPERTURA, TIPO_VOTO,
                                            PROCEDIMIENTO_VOTACION, TIPO_RECUENTO_VOTO, FECHA_INICIO_VOTACION, VOTACION_ABIERTA)
VALUES (17001, 'Si el organo tiene activa la opcion voto doble el voto del presidente contara doble',
        1, 17000, 0, 0, null, 'ABREVIADO', 'MAYORIA_SIMPLE',TO_DATE('2021-01-01 07:00:00', 'YYYY-MM-DD HH24:MI:SS'), TRUE);

INSERT INTO GOC_ORGANOS_REUNIONES (ID, REUNION_ID, ORGANO_NOMBRE, TIPO_ORGANO_ID, EXTERNO, ORGANO_ID, ORGANO_NOMBRE_ALT)
VALUES (17002, 17000, 'órgano test', 1, 0, '1', 'órgano test');

INSERT INTO GOC_ORGANOS_REUNIONES_MIEMBROS (ID, ORGANO_REUNION_ID, ORGANO_EXTERNO, REUNION_ID, ORGANO_ID,
                                            NOMBRE, EMAIL, ASISTENCIA, CARGO_ID, CARGO_CODIGO, CARGO_NOMBRE,
                                            ASISTENCIA_CONFIRMADA, MIEMBRO_ID,
                                            RESPONSABLE_ACTA)
VALUES (17003, 17002, 0, 17000, '1', 'Presidente', 'test@test.com', 1, '5', 'PR', 'Presidente', 1, 6, 0);

INSERT INTO GOC_REUNIONES_PUNTOS_ORDEN_DIA (ID, TITULO, ORDEN, REUNION_ID, PUBLICO, EDITADO_EN_REAPERTURA, TIPO_VOTO,
                                            PROCEDIMIENTO_VOTACION, TIPO_RECUENTO_VOTO, FECHA_INICIO_VOTACION, VOTACION_ABIERTA, VOTABLE_EN_CONTRA, VOTACION_CERRADA_MANUALMENTE)
VALUES (17004, 'Punto abierto publico.',
        1, 17000, 0, 0, 1, 'ABREVIADO', 'MAYORIA_SIMPLE',TO_DATE('2021-01-01 07:00:00', 'YYYY-MM-DD HH24:MI:SS'), TRUE, 1, 0);


---- ORGANO SIN VOTO DOBLE ----


INSERT INTO GOC_REUNIONES (ID, ASUNTO, FECHA, DURACION, CREADOR_ID, FECHA_CREACION, PUBLICA, TELEMATICA, NOTIFICADA,
                           CREADOR_NOMBRE, CREADOR_EMAIL, ADMITE_SUPLENCIA, COMPLETADA, ADMITE_COMENTARIOS,
                           AVISO_PRIMERA_REUNION, ADMITE_DELEGACION_VOTO, AVISO_PRIMERA_REUNION_FECHA, REABIERTA,
                           EMAILS_NUEVOS_COMENTARIOS, VOTACION_TELEMATICA, ADMITE_CAMBIO_VOTO, VER_RESULTADOS_MIENTRAS_ACTIVA)
VALUES (17005, 'Votacion voto dobles', TO_DATE('2057-01-01 07:00:00', 'YYYY-MM-DD HH24:MI:SS'), 0,
        1, NOW(), 1, 1, 1, '4tic', 'test@test.com', 1, 0, 1, 1, 1, NOW(), 0, 0, 1, 1, 1);


INSERT INTO GOC_REUNIONES_PUNTOS_ORDEN_DIA (ID, TITULO, ORDEN, REUNION_ID, PUBLICO, EDITADO_EN_REAPERTURA, TIPO_VOTO,
                                            PROCEDIMIENTO_VOTACION, TIPO_RECUENTO_VOTO, FECHA_INICIO_VOTACION, VOTACION_ABIERTA, VOTACION_CERRADA_MANUALMENTE)
VALUES (17006, 'Si el organo tiene activa la opcion voto doble el voto del presidente contara doble',
        1, 17005, 0, 0, null, 'ABREVIADO', 'MAYORIA_SIMPLE',TO_DATE('2021-01-01 07:00:00', 'YYYY-MM-DD HH24:MI:SS'), TRUE, 0);

INSERT INTO GOC_ORGANOS_REUNIONES (ID, REUNION_ID, ORGANO_NOMBRE, TIPO_ORGANO_ID, EXTERNO, ORGANO_ID, ORGANO_NOMBRE_ALT)
VALUES (17007, 17005, 'Direccion General', 2, 0, '2', 'Direccio General');


INSERT INTO GOC_ORGANOS_REUNIONES_MIEMBROS (ID, ORGANO_REUNION_ID, ORGANO_EXTERNO, REUNION_ID, ORGANO_ID,
                                            NOMBRE, EMAIL, ASISTENCIA, CARGO_ID, CARGO_CODIGO, CARGO_NOMBRE,
                                            ASISTENCIA_CONFIRMADA, MIEMBRO_ID,
                                            RESPONSABLE_ACTA)
VALUES (17008, 17007, 0, 17005, '2', 'Presidente', 'test@test.com', 1, '5', 'PR', 'Presidente', 1, 6, 0);

INSERT INTO GOC_REUNIONES_PUNTOS_ORDEN_DIA (ID, TITULO, ORDEN, REUNION_ID, PUBLICO, EDITADO_EN_REAPERTURA, TIPO_VOTO,
                                            PROCEDIMIENTO_VOTACION, TIPO_RECUENTO_VOTO, FECHA_INICIO_VOTACION, VOTACION_ABIERTA, VOTABLE_EN_CONTRA, VOTACION_CERRADA_MANUALMENTE)
VALUES (17009, 'Punto abierto publico.',
        1, 17005, 0, 0, 1, 'ABREVIADO', 'MAYORIA_SIMPLE',TO_DATE('2021-01-01 07:00:00', 'YYYY-MM-DD HH24:MI:SS'), TRUE, 1, 0);